Date,Open,High,Low,Close,Adj Close,Volume
2022-05-02,154.000000,156.000000,151.000000,152.000000,152.000000,615500
2022-05-06,154.000000,157.000000,152.000000,156.000000,156.000000,505200
2022-05-09,154.000000,155.000000,152.000000,153.000000,153.000000,495700
2022-05-10,151.000000,152.000000,147.000000,150.000000,150.000000,779400
2022-05-11,149.000000,150.000000,147.000000,148.000000,148.000000,527900
2022-05-12,163.000000,166.000000,154.000000,160.000000,160.000000,6394700
2022-05-13,160.000000,161.000000,157.000000,159.000000,159.000000,1188700
2022-05-16,150.000000,153.000000,143.000000,144.000000,144.000000,2443000
2022-05-17,144.000000,146.000000,143.000000,145.000000,145.000000,684700
2022-05-18,146.000000,148.000000,144.000000,147.000000,147.000000,1194700
2022-05-19,145.000000,149.000000,144.000000,147.000000,147.000000,716700
2022-05-20,147.000000,150.000000,147.000000,150.000000,150.000000,741000
2022-05-23,150.000000,150.000000,147.000000,148.000000,148.000000,661000
2022-05-24,149.000000,149.000000,145.000000,145.000000,145.000000,1066200
2022-05-25,144.000000,144.000000,140.000000,140.000000,140.000000,1863900
2022-05-26,142.000000,143.000000,140.000000,141.000000,141.000000,1087200
2022-05-27,144.000000,145.000000,142.000000,143.000000,143.000000,521000
2022-05-30,144.000000,147.000000,144.000000,147.000000,147.000000,768400
2022-05-31,146.000000,148.000000,146.000000,146.000000,146.000000,616100
2022-06-01,148.000000,155.000000,147.000000,155.000000,155.000000,1444900
2022-06-02,154.000000,155.000000,152.000000,154.000000,154.000000,614200
2022-06-03,156.000000,158.000000,151.000000,157.000000,157.000000,1028100
2022-06-06,155.000000,158.000000,154.000000,156.000000,156.000000,631000
2022-06-07,158.000000,170.000000,157.000000,167.000000,167.000000,2836900
2022-06-08,166.000000,175.000000,166.000000,173.000000,173.000000,2189100
2022-06-09,173.000000,175.000000,170.000000,170.000000,170.000000,1476600
2022-06-10,169.000000,172.000000,167.000000,171.000000,171.000000,849800
2022-06-13,169.000000,169.000000,165.000000,167.000000,167.000000,991400
2022-06-14,164.000000,170.000000,163.000000,169.000000,169.000000,1208600
2022-06-15,170.000000,172.000000,163.000000,163.000000,163.000000,1089800
2022-06-16,166.000000,169.000000,164.000000,165.000000,165.000000,586400
2022-06-17,160.000000,164.000000,158.000000,163.000000,163.000000,1140300
2022-06-20,163.000000,163.000000,158.000000,160.000000,160.000000,639700
2022-06-21,163.000000,165.000000,162.000000,163.000000,163.000000,560400
2022-06-22,167.000000,167.000000,160.000000,160.000000,160.000000,669200
2022-06-23,161.000000,162.000000,159.000000,161.000000,161.000000,548700
2022-06-24,160.000000,160.000000,157.000000,159.000000,159.000000,595200
2022-06-27,160.000000,160.000000,155.000000,156.000000,156.000000,865900
2022-06-28,156.000000,161.000000,156.000000,159.000000,159.000000,614100
2022-06-29,159.000000,161.000000,157.000000,159.000000,159.000000,798300
2022-06-30,158.000000,158.000000,155.000000,155.000000,155.000000,583600
2022-07-01,156.000000,156.000000,151.000000,152.000000,152.000000,1126600
2022-07-04,152.000000,152.000000,149.000000,151.000000,151.000000,709800
2022-07-05,151.000000,153.000000,150.000000,151.000000,151.000000,562000
2022-07-06,150.000000,151.000000,148.000000,150.000000,150.000000,832100
2022-07-07,151.000000,153.000000,149.000000,152.000000,152.000000,671700
2022-07-08,154.000000,160.000000,154.000000,157.000000,157.000000,1273100
2022-07-11,159.000000,160.000000,158.000000,159.000000,159.000000,496500
2022-07-12,159.000000,159.000000,153.000000,154.000000,154.000000,691200
2022-07-13,156.000000,158.000000,155.000000,156.000000,156.000000,442000
2022-07-14,156.000000,158.000000,155.000000,157.000000,157.000000,372900
2022-07-15,157.000000,157.000000,154.000000,156.000000,156.000000,420100
2022-07-19,157.000000,159.000000,156.000000,158.000000,158.000000,403600
2022-07-20,159.000000,160.000000,158.000000,158.000000,158.000000,547400
2022-07-21,158.000000,159.000000,157.000000,159.000000,159.000000,336200
2022-07-22,159.000000,160.000000,158.000000,158.000000,158.000000,298200
2022-07-25,157.000000,158.000000,155.000000,157.000000,157.000000,373800
2022-07-26,157.000000,159.000000,156.000000,157.000000,157.000000,285200
2022-07-27,156.000000,158.000000,156.000000,156.000000,156.000000,308100
2022-07-28,157.000000,158.000000,154.000000,156.000000,156.000000,662800
2022-07-29,155.000000,155.000000,151.000000,152.000000,152.000000,623300
2022-08-01,155.000000,156.000000,153.000000,156.000000,156.000000,294400
2022-08-02,155.000000,155.000000,152.000000,154.000000,154.000000,458300
2022-08-03,154.000000,154.000000,150.000000,152.000000,152.000000,632600
2022-08-04,152.000000,152.000000,148.000000,150.000000,150.000000,823400
2022-08-05,157.000000,172.000000,157.000000,172.000000,172.000000,6264200
2022-08-08,175.000000,182.000000,164.000000,173.000000,173.000000,4761200
2022-08-09,171.000000,182.000000,170.000000,177.000000,177.000000,2766400
2022-08-10,176.000000,177.000000,174.000000,175.000000,175.000000,789900
2022-08-12,176.000000,176.000000,173.000000,175.000000,175.000000,750200
2022-08-15,173.000000,177.000000,172.000000,174.000000,174.000000,635500
2022-08-16,173.000000,174.000000,171.000000,173.000000,173.000000,530800
2022-08-17,173.000000,177.000000,172.000000,173.000000,173.000000,720500
2022-08-18,173.000000,192.000000,173.000000,189.000000,189.000000,3792400
2022-08-19,191.000000,196.000000,186.000000,187.000000,187.000000,1653500
2022-08-22,185.000000,186.000000,180.000000,182.000000,182.000000,1175400
2022-08-23,179.000000,179.000000,175.000000,175.000000,175.000000,991500
2022-08-24,177.000000,177.000000,175.000000,176.000000,176.000000,485200
2022-08-25,177.000000,177.000000,173.000000,173.000000,173.000000,593200
2022-08-26,176.000000,176.000000,171.000000,171.000000,171.000000,420100
2022-08-29,167.000000,170.000000,166.000000,168.000000,168.000000,592800
2022-08-30,171.000000,173.000000,171.000000,172.000000,172.000000,384100
2022-08-31,170.000000,173.000000,169.000000,170.000000,170.000000,553600
2022-09-01,168.000000,176.000000,166.000000,169.000000,169.000000,1681600
2022-09-02,170.000000,170.000000,165.000000,169.000000,169.000000,630100
2022-09-05,169.000000,169.000000,165.000000,168.000000,168.000000,578500
2022-09-06,168.000000,169.000000,165.000000,169.000000,169.000000,802900
2022-09-07,168.000000,168.000000,166.000000,168.000000,168.000000,624400
2022-09-08,169.000000,175.000000,169.000000,174.000000,174.000000,784200
2022-09-09,175.000000,177.000000,174.000000,175.000000,175.000000,787700
2022-09-12,176.000000,178.000000,174.000000,175.000000,175.000000,582000
2022-09-13,174.000000,175.000000,172.000000,174.000000,174.000000,741100
2022-09-14,170.000000,173.000000,170.000000,172.000000,172.000000,499300
2022-09-15,173.000000,175.000000,170.000000,174.000000,174.000000,473400
2022-09-16,174.000000,176.000000,171.000000,173.000000,173.000000,866000
2022-09-20,173.000000,179.000000,173.000000,176.000000,176.000000,869800
2022-09-21,173.000000,173.000000,170.000000,173.000000,173.000000,733100
2022-09-22,171.000000,172.000000,169.000000,171.000000,171.000000,619900
2022-09-26,169.000000,169.000000,165.000000,167.000000,167.000000,867900
2022-09-27,167.000000,169.000000,166.000000,167.000000,167.000000,438700
2022-09-28,166.000000,167.000000,161.000000,164.000000,164.000000,1099200
2022-09-29,166.000000,168.000000,162.000000,165.000000,165.000000,699500
2022-09-30,164.000000,164.000000,158.000000,159.000000,159.000000,1021500
2022-10-03,161.000000,161.000000,156.000000,159.000000,159.000000,734100
2022-10-04,162.000000,166.000000,161.000000,166.000000,166.000000,566500
2022-10-05,167.000000,167.000000,163.000000,163.000000,163.000000,659000
2022-10-06,165.000000,172.000000,165.000000,172.000000,172.000000,1051000
2022-10-07,170.000000,178.000000,169.000000,174.000000,174.000000,1264900
2022-10-11,173.000000,174.000000,170.000000,173.000000,173.000000,640800
2022-10-12,173.000000,173.000000,170.000000,171.000000,171.000000,923100
2022-10-13,171.000000,173.000000,171.000000,172.000000,172.000000,575300
2022-10-14,175.000000,177.000000,173.000000,177.000000,177.000000,713000
2022-10-17,174.000000,178.000000,174.000000,177.000000,177.000000,551000
2022-10-18,180.000000,180.000000,174.000000,177.000000,177.000000,714400
2022-10-19,178.000000,178.000000,176.000000,177.000000,177.000000,319100
2022-10-20,176.000000,178.000000,176.000000,177.000000,177.000000,390000
2022-10-21,178.000000,178.000000,172.000000,172.000000,172.000000,841200
2022-10-24,175.000000,176.000000,173.000000,175.000000,175.000000,373600
2022-10-25,175.000000,180.000000,175.000000,176.000000,176.000000,871300
2022-10-26,177.000000,178.000000,174.000000,177.000000,177.000000,625600
2022-10-27,176.000000,176.000000,172.000000,173.000000,173.000000,801000
2022-10-28,171.000000,173.000000,169.000000,170.000000,170.000000,759700
2022-10-31,172.000000,177.000000,172.000000,174.000000,174.000000,833000
2022-11-01,176.000000,178.000000,175.000000,176.000000,176.000000,370800
2022-11-02,175.000000,178.000000,175.000000,177.000000,177.000000,377500
2022-11-04,177.000000,181.000000,174.000000,179.000000,179.000000,1173100
2022-11-07,181.000000,183.000000,178.000000,181.000000,181.000000,593200
2022-11-08,182.000000,183.000000,180.000000,182.000000,182.000000,334900
2022-11-09,182.000000,182.000000,179.000000,179.000000,179.000000,558100
2022-11-10,179.000000,179.000000,176.000000,177.000000,177.000000,934100
2022-11-11,172.000000,172.000000,159.000000,162.000000,162.000000,3636400
2022-11-14,165.000000,165.000000,163.000000,164.000000,164.000000,620800
2022-11-15,165.000000,165.000000,162.000000,162.000000,162.000000,637700
2022-11-16,163.000000,163.000000,159.000000,159.000000,159.000000,772900
2022-11-17,159.000000,161.000000,158.000000,159.000000,159.000000,652600
2022-11-18,162.000000,164.000000,160.000000,163.000000,163.000000,1063200
2022-11-21,164.000000,165.000000,162.000000,163.000000,163.000000,487700
2022-11-22,164.000000,165.000000,163.000000,163.000000,163.000000,391600
2022-11-24,165.000000,167.000000,163.000000,167.000000,167.000000,851800
2022-11-25,167.000000,167.000000,164.000000,165.000000,165.000000,567900
2022-11-28,166.000000,167.000000,165.000000,166.000000,166.000000,501800
2022-11-29,165.000000,166.000000,163.000000,164.000000,164.000000,445100
2022-11-30,164.000000,165.000000,163.000000,165.000000,165.000000,711800
2022-12-01,166.000000,166.000000,164.000000,164.000000,164.000000,474600
2022-12-02,163.000000,164.000000,161.000000,164.000000,164.000000,731600
2022-12-05,163.000000,163.000000,160.000000,161.000000,161.000000,882200
2022-12-06,160.000000,161.000000,159.000000,160.000000,160.000000,581900
2022-12-07,158.000000,162.000000,158.000000,160.000000,160.000000,528300
2022-12-08,160.000000,160.000000,156.000000,158.000000,158.000000,786400
2022-12-09,158.000000,160.000000,157.000000,159.000000,159.000000,771800
2022-12-12,158.000000,162.000000,158.000000,161.000000,161.000000,351900
2022-12-13,162.000000,162.000000,160.000000,160.000000,160.000000,518100
2022-12-14,161.000000,161.000000,160.000000,161.000000,161.000000,215800
2022-12-15,160.000000,162.000000,160.000000,160.000000,160.000000,239800
2022-12-16,160.000000,162.000000,159.000000,162.000000,162.000000,396500
2022-12-19,160.000000,161.000000,158.000000,159.000000,159.000000,237800
2022-12-20,160.000000,161.000000,153.000000,155.000000,155.000000,1465100
2022-12-21,154.000000,154.000000,149.000000,150.000000,150.000000,1470000
2022-12-22,152.000000,154.000000,150.000000,151.000000,151.000000,1052300
2022-12-23,150.000000,150.000000,148.000000,148.000000,148.000000,925800
2022-12-26,147.000000,151.000000,147.000000,150.000000,150.000000,616600
2022-12-27,150.000000,154.000000,150.000000,151.000000,151.000000,826000
2022-12-28,152.000000,152.000000,149.000000,152.000000,152.000000,515500
2022-12-29,149.000000,152.000000,149.000000,151.000000,151.000000,418500
2022-12-30,152.000000,154.000000,150.000000,150.000000,150.000000,550800
2023-01-04,151.000000,151.000000,148.000000,148.000000,148.000000,411500
2023-01-05,148.000000,149.000000,147.000000,148.000000,148.000000,427300
2023-01-06,149.000000,151.000000,148.000000,150.000000,150.000000,311500
2023-01-10,150.000000,152.000000,148.000000,150.000000,150.000000,342900
2023-01-11,151.000000,152.000000,150.000000,150.000000,150.000000,170600
2023-01-12,151.000000,152.000000,150.000000,151.000000,151.000000,498800
2023-01-13,150.000000,151.000000,148.000000,148.000000,148.000000,394700
2023-01-16,148.000000,149.000000,146.000000,146.000000,146.000000,722500
2023-01-17,147.000000,149.000000,145.000000,147.000000,147.000000,296500
2023-01-18,148.000000,150.000000,146.000000,148.000000,148.000000,336900
2023-01-19,147.000000,148.000000,146.000000,146.000000,146.000000,322600
2023-01-20,146.000000,147.000000,146.000000,146.000000,146.000000,236600
2023-01-23,148.000000,149.000000,146.000000,149.000000,149.000000,347700
2023-01-24,149.000000,150.000000,148.000000,150.000000,150.000000,521900
2023-01-25,149.000000,151.000000,149.000000,150.000000,150.000000,323000
2023-01-26,151.000000,155.000000,150.000000,152.000000,152.000000,1085700
2023-01-27,152.000000,152.000000,150.000000,152.000000,152.000000,224300
2023-01-30,152.000000,154.000000,150.000000,152.000000,152.000000,829300
2023-01-31,153.000000,154.000000,152.000000,154.000000,154.000000,165600
2023-02-01,154.000000,155.000000,153.000000,153.000000,153.000000,280100
2023-02-02,153.000000,154.000000,151.000000,151.000000,151.000000,441000
2023-02-03,151.000000,153.000000,150.000000,152.000000,152.000000,473500
2023-02-06,153.000000,155.000000,153.000000,153.000000,153.000000,230900
2023-02-07,153.000000,154.000000,152.000000,152.000000,152.000000,243700
2023-02-08,152.000000,153.000000,151.000000,153.000000,153.000000,153800
2023-02-09,152.000000,153.000000,151.000000,152.000000,152.000000,189100
2023-02-10,151.000000,152.000000,150.000000,150.000000,150.000000,523500
2023-02-13,148.000000,149.000000,144.000000,144.000000,144.000000,1156900
2023-02-14,147.000000,147.000000,144.000000,145.000000,145.000000,674300
2023-02-15,146.000000,147.000000,144.000000,145.000000,145.000000,483000
2023-02-16,146.000000,147.000000,145.000000,147.000000,147.000000,713700
2023-02-17,146.000000,148.000000,146.000000,147.000000,147.000000,329700
2023-02-20,147.000000,148.000000,146.000000,147.000000,147.000000,396400
2023-02-21,148.000000,149.000000,147.000000,147.000000,147.000000,239800
2023-02-22,147.000000,147.000000,144.000000,144.000000,144.000000,813000
2023-02-24,146.000000,146.000000,144.000000,145.000000,145.000000,360500
2023-02-27,145.000000,146.000000,145.000000,145.000000,145.000000,177800
2023-02-28,146.000000,147.000000,145.000000,145.000000,145.000000,339500
2023-03-01,146.000000,148.000000,146.000000,147.000000,147.000000,450000
2023-03-02,148.000000,149.000000,146.000000,148.000000,148.000000,432500
2023-03-03,149.000000,149.000000,147.000000,148.000000,148.000000,326800
2023-03-06,149.000000,150.000000,148.000000,150.000000,150.000000,524600
2023-03-07,150.000000,152.000000,150.000000,151.000000,151.000000,433200
2023-03-08,151.000000,154.000000,151.000000,153.000000,153.000000,572500
2023-03-09,154.000000,155.000000,153.000000,155.000000,155.000000,792800
2023-03-10,154.000000,154.000000,151.000000,151.000000,151.000000,714900
2023-03-13,150.000000,150.000000,145.000000,148.000000,148.000000,1185100
2023-03-14,145.000000,145.000000,140.000000,142.000000,142.000000,1501100
2023-03-15,144.000000,145.000000,142.000000,142.000000,142.000000,550000
2023-03-16,140.000000,142.000000,137.000000,142.000000,142.000000,1139300
2023-03-17,141.000000,142.000000,139.000000,139.000000,139.000000,1432500
2023-03-20,139.000000,140.000000,137.000000,137.000000,137.000000,739800
2023-03-22,140.000000,140.000000,137.000000,139.000000,139.000000,479700
2023-03-23,137.000000,141.000000,137.000000,140.000000,140.000000,340200
2023-03-24,140.000000,143.000000,138.000000,143.000000,143.000000,436500
2023-03-27,143.000000,145.000000,142.000000,143.000000,143.000000,423300
2023-03-28,143.000000,144.000000,142.000000,143.000000,143.000000,380000
2023-03-29,144.000000,144.000000,143.000000,144.000000,144.000000,387300
2023-03-30,144.000000,146.000000,143.000000,144.000000,144.000000,332400
2023-03-31,145.000000,146.000000,144.000000,145.000000,145.000000,437600
2023-04-03,147.000000,147.000000,145.000000,147.000000,147.000000,446000
2023-04-04,147.000000,149.000000,146.000000,149.000000,149.000000,684700
2023-04-05,147.000000,148.000000,146.000000,146.000000,146.000000,306000
2023-04-06,145.000000,146.000000,143.000000,144.000000,144.000000,437500
2023-04-07,144.000000,146.000000,144.000000,144.000000,144.000000,307900
2023-04-10,145.000000,146.000000,145.000000,146.000000,146.000000,259400
2023-04-11,146.000000,147.000000,145.000000,147.000000,147.000000,235600
2023-04-12,147.000000,148.000000,146.000000,147.000000,147.000000,343200
2023-04-13,147.000000,148.000000,145.000000,147.000000,147.000000,379400
2023-04-14,147.000000,147.000000,146.000000,146.000000,146.000000,292800
2023-04-17,147.000000,147.000000,145.000000,145.000000,145.000000,192300
2023-04-18,146.000000,146.000000,145.000000,146.000000,146.000000,129700
2023-04-19,146.000000,146.000000,144.000000,145.000000,145.000000,250500
2023-04-20,145.000000,146.000000,145.000000,145.000000,145.000000,158700
2023-04-21,145.000000,146.000000,144.000000,144.000000,144.000000,260500
2023-04-24,145.000000,146.000000,145.000000,146.000000,146.000000,147100
2023-04-25,146.000000,147.000000,145.000000,146.000000,146.000000,233400
2023-04-26,146.000000,146.000000,145.000000,145.000000,145.000000,284200
2023-04-27,146.000000,147.000000,145.000000,147.000000,147.000000,518900
2023-04-28,148.000000,149.000000,146.000000,149.000000,149.000000,511400
2023-05-01,149.000000,151.000000,149.000000,150.000000,150.000000,411800
2023-05-02,150.000000,150.000000,147.000000,147.000000,147.000000,668100
2023-05-08,147.000000,149.000000,147.000000,147.000000,147.000000,301700
2023-05-09,147.000000,149.000000,147.000000,149.000000,149.000000,206600
2023-05-10,148.000000,148.000000,146.000000,148.000000,148.000000,503800
2023-05-11,149.000000,149.000000,147.000000,147.000000,147.000000,400200
2023-05-12,148.000000,150.000000,147.000000,148.000000,148.000000,763100
2023-05-15,145.000000,145.000000,141.000000,142.000000,142.000000,1004400
2023-05-16,144.000000,144.000000,141.000000,141.000000,141.000000,402800
2023-05-17,141.000000,142.000000,140.000000,140.000000,140.000000,489200
2023-05-18,140.000000,141.000000,139.000000,139.000000,139.000000,859900
2023-05-19,140.000000,142.000000,139.000000,141.000000,141.000000,450000
2023-05-22,141.000000,141.000000,139.000000,140.000000,140.000000,350000
2023-05-23,140.000000,141.000000,138.000000,139.000000,139.000000,733500
2023-05-24,139.000000,141.000000,139.000000,139.000000,139.000000,314800
2023-05-25,139.000000,140.000000,139.000000,139.000000,139.000000,386600
2023-05-26,140.000000,140.000000,137.000000,138.000000,138.000000,489900
2023-05-29,138.000000,138.000000,135.000000,135.000000,135.000000,986800
2023-05-30,135.000000,135.000000,132.000000,133.000000,133.000000,807600
2023-05-31,133.000000,133.000000,128.000000,128.000000,128.000000,1685600
2023-06-01,128.000000,130.000000,128.000000,128.000000,128.000000,803900
2023-06-02,129.000000,133.000000,128.000000,133.000000,133.000000,824400
2023-06-05,136.000000,138.000000,136.000000,136.000000,136.000000,772500
2023-06-06,136.000000,137.000000,135.000000,136.000000,136.000000,379900
2023-06-07,137.000000,138.000000,135.000000,135.000000,135.000000,613900
2023-06-08,135.000000,137.000000,135.000000,135.000000,135.000000,395900
2023-06-09,135.000000,138.000000,134.000000,136.000000,136.000000,634200
2023-06-12,136.000000,140.000000,136.000000,140.000000,140.000000,994100
2023-06-13,141.000000,142.000000,140.000000,140.000000,140.000000,541300
2023-06-14,140.000000,143.000000,140.000000,142.000000,142.000000,544500
2023-06-15,143.000000,145.000000,142.000000,143.000000,143.000000,498000
2023-06-16,144.000000,144.000000,142.000000,144.000000,144.000000,615100
2023-06-19,143.000000,144.000000,142.000000,143.000000,143.000000,620100
2023-06-20,142.000000,142.000000,139.000000,142.000000,142.000000,870100
2023-06-21,141.000000,145.000000,141.000000,144.000000,144.000000,779200
2023-06-22,144.000000,144.000000,140.000000,140.000000,140.000000,978000
2023-06-23,141.000000,142.000000,138.000000,139.000000,139.000000,649500
2023-06-26,139.000000,140.000000,137.000000,138.000000,138.000000,327900
2023-06-27,138.000000,139.000000,137.000000,138.000000,138.000000,723900
2023-06-28,139.000000,142.000000,139.000000,142.000000,142.000000,829100
2023-06-29,143.000000,144.000000,141.000000,142.000000,142.000000,354500
2023-06-30,142.000000,143.000000,141.000000,141.000000,141.000000,383900
2023-07-03,142.000000,144.000000,141.000000,142.000000,142.000000,769700
2023-07-04,142.000000,144.000000,141.000000,141.000000,141.000000,440200
2023-07-05,141.000000,143.000000,140.000000,143.000000,143.000000,299100
2023-07-06,142.000000,144.000000,141.000000,142.000000,142.000000,539300
2023-07-07,141.000000,146.000000,140.000000,145.000000,145.000000,1683600
2023-07-10,145.000000,147.000000,144.000000,144.000000,144.000000,788700
2023-07-11,144.000000,145.000000,143.000000,144.000000,144.000000,293200
2023-07-12,144.000000,144.000000,141.000000,142.000000,142.000000,512000
2023-07-13,142.000000,142.000000,140.000000,141.000000,141.000000,372200
2023-07-14,142.000000,142.000000,139.000000,139.000000,139.000000,387300
2023-07-18,140.000000,140.000000,138.000000,138.000000,138.000000,360400
2023-07-19,140.000000,140.000000,139.000000,140.000000,140.000000,237800
2023-07-20,140.000000,141.000000,139.000000,139.000000,139.000000,180600
2023-07-21,140.000000,141.000000,139.000000,140.000000,140.000000,203000
2023-07-24,141.000000,143.000000,140.000000,143.000000,143.000000,282700
2023-07-25,143.000000,143.000000,141.000000,143.000000,143.000000,213600
2023-07-26,143.000000,143.000000,140.000000,141.000000,141.000000,212500
2023-07-27,141.000000,143.000000,140.000000,142.000000,142.000000,333300
2023-07-28,142.000000,143.000000,140.000000,143.000000,143.000000,810100
2023-07-31,144.000000,147.000000,144.000000,146.000000,146.000000,814800
2023-08-01,146.000000,146.000000,144.000000,146.000000,146.000000,369600
2023-08-02,144.000000,147.000000,143.000000,146.000000,146.000000,505600
2023-08-03,146.000000,146.000000,142.000000,143.000000,143.000000,554700
2023-08-04,143.000000,144.000000,142.000000,143.000000,143.000000,356800
2023-08-07,142.000000,143.000000,141.000000,142.000000,142.000000,605500
2023-08-08,143.000000,145.000000,142.000000,143.000000,143.000000,280100
2023-08-09,132.000000,137.000000,131.000000,134.000000,134.000000,2658100
2023-08-10,135.000000,135.000000,130.000000,130.000000,130.000000,2644500
2023-08-14,131.000000,133.000000,131.000000,132.000000,132.000000,880100
2023-08-15,132.000000,133.000000,131.000000,133.000000,133.000000,348900
2023-08-16,131.000000,132.000000,130.000000,130.000000,130.000000,588400
2023-08-17,131.000000,131.000000,129.000000,130.000000,130.000000,426700
2023-08-18,129.000000,131.000000,129.000000,129.000000,129.000000,587100
2023-08-21,130.000000,132.000000,130.000000,132.000000,132.000000,299200
2023-08-22,132.000000,133.000000,131.000000,131.000000,131.000000,251100
2023-08-23,132.000000,133.000000,131.000000,132.000000,132.000000,254700
2023-08-24,132.000000,132.000000,131.000000,132.000000,132.000000,309600
2023-08-25,131.000000,132.000000,131.000000,132.000000,132.000000,213300
2023-08-28,132.000000,132.000000,131.000000,132.000000,132.000000,218200
2023-08-29,132.000000,133.000000,131.000000,133.000000,133.000000,270600
2023-08-30,132.000000,133.000000,131.000000,132.000000,132.000000,209700
2023-08-31,132.000000,134.000000,132.000000,133.000000,133.000000,564800
2023-09-01,134.000000,135.000000,133.000000,135.000000,135.000000,705300
2023-09-04,135.000000,137.000000,135.000000,137.000000,137.000000,910900
2023-09-05,137.000000,141.000000,136.000000,139.000000,139.000000,903700
2023-09-06,140.000000,143.000000,140.000000,142.000000,142.000000,839500
2023-09-07,141.000000,143.000000,139.000000,139.000000,139.000000,838400
2023-09-08,139.000000,140.000000,137.000000,137.000000,137.000000,398300
2023-09-11,138.000000,138.000000,136.000000,137.000000,137.000000,344400
2023-09-12,137.000000,138.000000,137.000000,138.000000,138.000000,167000
2023-09-13,138.000000,139.000000,137.000000,138.000000,138.000000,273600
2023-09-14,137.000000,140.000000,137.000000,138.000000,138.000000,321300
2023-09-15,139.000000,141.000000,139.000000,140.000000,140.000000,546200
2023-09-19,140.000000,144.000000,140.000000,144.000000,144.000000,961900
2023-09-20,144.000000,145.000000,142.000000,142.000000,142.000000,480800
2023-09-21,142.000000,145.000000,142.000000,144.000000,144.000000,659200
2023-09-22,142.000000,142.000000,140.000000,141.000000,141.000000,465800
2023-09-25,141.000000,141.000000,139.000000,141.000000,141.000000,344500
2023-09-26,140.000000,141.000000,139.000000,140.000000,140.000000,274900
2023-09-27,138.000000,141.000000,138.000000,140.000000,140.000000,429800
2023-09-28,142.000000,146.000000,141.000000,143.000000,143.000000,806900
2023-09-29,143.000000,144.000000,139.000000,140.000000,140.000000,682600
2023-10-02,141.000000,144.000000,139.000000,139.000000,139.000000,547200
2023-10-03,139.000000,139.000000,133.000000,133.000000,133.000000,903500
2023-10-04,131.000000,132.000000,128.000000,129.000000,129.000000,1272300
2023-10-05,132.000000,133.000000,131.000000,132.000000,132.000000,619400
2023-10-06,132.000000,133.000000,131.000000,132.000000,132.000000,218300
2023-10-10,134.000000,135.000000,133.000000,134.000000,134.000000,264900
2023-10-11,134.000000,135.000000,132.000000,133.000000,133.000000,260300
2023-10-12,133.000000,133.000000,132.000000,133.000000,133.000000,218100
2023-10-13,132.000000,132.000000,130.000000,130.000000,130.000000,356500
2023-10-16,131.000000,132.000000,129.000000,130.000000,130.000000,480600
2023-10-17,130.000000,132.000000,128.000000,130.000000,130.000000,775900
2023-10-18,130.000000,131.000000,128.000000,130.000000,130.000000,542900
2023-10-19,129.000000,130.000000,128.000000,128.000000,128.000000,496100
2023-10-20,128.000000,129.000000,126.000000,126.000000,126.000000,896500
2023-10-23,127.000000,127.000000,123.000000,124.000000,124.000000,979900
2023-10-24,124.000000,125.000000,119.000000,122.000000,122.000000,1764100
2023-10-25,125.000000,125.000000,123.000000,123.000000,123.000000,516200
2023-10-26,123.000000,124.000000,121.000000,122.000000,122.000000,505400
2023-10-27,122.000000,125.000000,122.000000,125.000000,125.000000,377900
2023-10-30,123.000000,124.000000,120.000000,120.000000,120.000000,781700
2023-10-31,121.000000,121.000000,117.000000,121.000000,121.000000,1011100
2023-11-01,122.000000,124.000000,121.000000,123.000000,123.000000,488700
2023-11-02,124.000000,124.000000,122.000000,123.000000,123.000000,221600
2023-11-06,124.000000,127.000000,123.000000,126.000000,126.000000,697000
2023-11-07,126.000000,129.000000,126.000000,127.000000,127.000000,443500
2023-11-08,127.000000,128.000000,123.000000,124.000000,124.000000,601300
2023-11-09,125.000000,125.000000,123.000000,125.000000,125.000000,501000
2023-11-10,126.000000,127.000000,122.000000,127.000000,127.000000,714100
2023-11-13,127.000000,127.000000,123.000000,125.000000,125.000000,380400
2023-11-14,124.000000,125.000000,123.000000,124.000000,124.000000,287800
2023-11-15,121.000000,123.000000,119.000000,121.000000,121.000000,1225100
2023-11-16,121.000000,123.000000,120.000000,122.000000,122.000000,634700
2023-11-17,122.000000,122.000000,120.000000,122.000000,122.000000,481900
2023-11-20,121.000000,123.000000,121.000000,121.000000,121.000000,421600
2023-11-21,120.000000,120.000000,118.000000,118.000000,118.000000,934200
2023-11-22,119.000000,121.000000,118.000000,119.000000,119.000000,530600
2023-11-24,121.000000,123.000000,120.000000,120.000000,120.000000,711300
2023-11-27,120.000000,121.000000,119.000000,121.000000,121.000000,348700
2023-11-28,120.000000,121.000000,119.000000,120.000000,120.000000,391700
2023-11-29,120.000000,120.000000,118.000000,118.000000,118.000000,627700
2023-11-30,119.000000,119.000000,118.000000,118.000000,118.000000,714500
2023-12-01,119.000000,119.000000,116.000000,117.000000,117.000000,1004000
2023-12-04,117.000000,118.000000,115.000000,117.000000,117.000000,544500
2023-12-05,116.000000,119.000000,116.000000,116.000000,116.000000,821700
2023-12-06,116.000000,118.000000,116.000000,116.000000,116.000000,822400
2023-12-07,115.000000,116.000000,112.000000,113.000000,113.000000,1034000
2023-12-08,112.000000,112.000000,108.000000,109.000000,109.000000,1166500
2023-12-11,110.000000,110.000000,107.000000,107.000000,107.000000,1297700
2023-12-12,109.000000,109.000000,105.000000,106.000000,106.000000,1122100
2023-12-13,105.000000,112.000000,105.000000,110.000000,110.000000,1432700
2023-12-14,110.000000,111.000000,108.000000,111.000000,111.000000,984900
2023-12-15,110.000000,111.000000,108.000000,108.000000,108.000000,843600
2023-12-18,108.000000,109.000000,106.000000,109.000000,109.000000,632100
2023-12-19,108.000000,109.000000,106.000000,108.000000,108.000000,956300
2023-12-20,108.000000,110.000000,107.000000,108.000000,108.000000,850900
2023-12-21,107.000000,108.000000,105.000000,106.000000,106.000000,808600
2023-12-22,105.000000,106.000000,104.000000,105.000000,105.000000,801700
2023-12-25,105.000000,106.000000,104.000000,105.000000,105.000000,1122200
2023-12-26,105.000000,105.000000,102.000000,102.000000,102.000000,1217200
2023-12-27,103.000000,107.000000,102.000000,106.000000,106.000000,1767500
2023-12-28,106.000000,112.000000,106.000000,111.000000,111.000000,760400
2023-12-29,113.000000,113.000000,110.000000,112.000000,112.000000,730100
2024-01-04,112.000000,116.000000,110.000000,115.000000,115.000000,702900
2024-01-05,116.000000,118.000000,115.000000,116.000000,116.000000,1072500
2024-01-09,117.000000,118.000000,114.000000,116.000000,116.000000,670800
2024-01-10,115.000000,116.000000,114.000000,115.000000,115.000000,433900
2024-01-11,116.000000,116.000000,110.000000,112.000000,112.000000,929400
2024-01-12,113.000000,114.000000,111.000000,112.000000,112.000000,518700
2024-01-15,112.000000,113.000000,112.000000,113.000000,113.000000,127000
2024-01-16,112.000000,114.000000,111.000000,111.000000,111.000000,318600
2024-01-17,111.000000,113.000000,111.000000,111.000000,111.000000,578200
2024-01-18,112.000000,117.000000,112.000000,115.000000,115.000000,1025500
2024-01-19,116.000000,116.000000,112.000000,113.000000,113.000000,670700
2024-01-22,115.000000,117.000000,115.000000,117.000000,117.000000,607400
2024-01-23,117.000000,118.000000,117.000000,117.000000,117.000000,365100
2024-01-24,117.000000,118.000000,116.000000,116.000000,116.000000,362000
2024-01-25,116.000000,118.000000,115.000000,116.000000,116.000000,397100
2024-01-26,115.000000,116.000000,114.000000,114.000000,114.000000,478000
2024-01-29,115.000000,117.000000,115.000000,116.000000,116.000000,280900
2024-01-30,113.000000,113.000000,113.000000,113.000000,113.000000,529800
2024-01-31,113.000000,114.000000,112.000000,114.000000,114.000000,519100
2024-02-01,114.000000,114.000000,112.000000,113.000000,113.000000,406900
2024-02-02,113.000000,113.000000,111.000000,111.000000,111.000000,845200
2024-02-05,111.000000,114.000000,111.000000,112.000000,112.000000,458800
2024-02-06,113.000000,115.000000,112.000000,113.000000,113.000000,400600
2024-02-07,113.000000,116.000000,113.000000,114.000000,114.000000,564300
2024-02-08,114.000000,115.000000,112.000000,114.000000,114.000000,443100
2024-02-09,113.000000,116.000000,112.000000,116.000000,116.000000,782100
2024-02-13,117.000000,120.000000,116.000000,120.000000,120.000000,1094800
2024-02-14,120.000000,120.000000,117.000000,118.000000,118.000000,641000
2024-02-15,118.000000,120.000000,114.000000,114.000000,114.000000,603400
2024-02-16,116.000000,118.000000,116.000000,118.000000,118.000000,553000
2024-02-19,116.000000,118.000000,114.000000,116.000000,116.000000,853700
2024-02-20,116.000000,118.000000,114.000000,114.000000,114.000000,530500
2024-02-21,114.000000,115.000000,113.000000,113.000000,113.000000,418800
2024-02-22,115.000000,115.000000,113.000000,113.000000,113.000000,486400
2024-02-26,113.000000,114.000000,112.000000,113.000000,113.000000,507700
2024-02-27,113.000000,115.000000,113.000000,115.000000,115.000000,478000
2024-02-28,114.000000,116.000000,114.000000,115.000000,115.000000,523100
2024-02-29,116.000000,117.000000,115.000000,117.000000,117.000000,425900
2024-03-01,117.000000,117.000000,115.000000,115.000000,115.000000,609500
2024-03-04,115.000000,116.000000,113.000000,115.000000,115.000000,725900
2024-03-05,113.000000,116.000000,112.000000,116.000000,116.000000,701400
2024-03-06,115.000000,134.000000,114.000000,133.000000,133.000000,4731600
2024-03-07,145.000000,148.000000,132.000000,138.000000,138.000000,4821000
2024-03-08,140.000000,156.000000,138.000000,149.000000,149.000000,5721300
2024-03-11,146.000000,148.000000,130.000000,136.000000,136.000000,3939200
2024-03-12,134.000000,144.000000,133.000000,143.000000,143.000000,1652400
2024-03-13,143.000000,143.000000,133.000000,134.000000,134.000000,2233900
2024-03-14,135.000000,138.000000,135.000000,136.000000,136.000000,844600
2024-03-15,134.000000,136.000000,126.000000,130.000000,130.000000,5020400
2024-03-18,129.000000,137.000000,129.000000,134.000000,134.000000,1638000
2024-03-19,134.000000,146.000000,134.000000,144.000000,144.000000,2118500
2024-03-21,144.000000,148.000000,142.000000,143.000000,143.000000,1469700
2024-03-22,143.000000,149.000000,143.000000,147.000000,147.000000,1239700
2024-03-25,146.000000,148.000000,143.000000,144.000000,144.000000,843500
2024-03-26,143.000000,145.000000,142.000000,143.000000,143.000000,678200
2024-03-27,144.000000,147.000000,143.000000,145.000000,145.000000,1236900
2024-03-28,145.000000,153.000000,144.000000,144.000000,144.000000,2172200
2024-03-29,144.000000,146.000000,142.000000,145.000000,145.000000,612100
2024-04-01,146.000000,146.000000,139.000000,139.000000,139.000000,1434800
2024-04-02,138.000000,140.000000,137.000000,137.000000,137.000000,695200
2024-04-03,135.000000,139.000000,134.000000,136.000000,136.000000,965000
2024-04-04,139.000000,141.000000,136.000000,140.000000,140.000000,756800
2024-04-05,138.000000,140.000000,136.000000,139.000000,139.000000,569400
2024-04-08,140.000000,141.000000,138.000000,140.000000,140.000000,717100
2024-04-09,139.000000,140.000000,138.000000,138.000000,138.000000,464100
2024-04-10,138.000000,143.000000,138.000000,139.000000,139.000000,697300
2024-04-11,138.000000,141.000000,138.000000,140.000000,140.000000,784900
2024-04-12,142.000000,144.000000,140.000000,142.000000,142.000000,806800
2024-04-15,140.000000,143.000000,140.000000,143.000000,143.000000,503800
2024-04-16,142.000000,144.000000,139.000000,139.000000,139.000000,680700
2024-04-17,139.000000,140.000000,136.000000,137.000000,137.000000,662000
2024-04-18,138.000000,141.000000,137.000000,139.000000,139.000000,549700
2024-04-19,138.000000,139.000000,133.000000,136.000000,136.000000,1288300
2024-04-22,138.000000,140.000000,136.000000,136.000000,136.000000,564800
2024-04-23,137.000000,140.000000,137.000000,138.000000,138.000000,581200
2024-04-24,138.000000,140.000000,137.000000,139.000000,139.000000,467500
2024-04-25,138.000000,144.000000,137.000000,144.000000,144.000000,1135200
2024-04-26,142.000000,145.000000,141.000000,145.000000,145.000000,1219400