Date,Open,High,Low,Close,Adj Close,Volume
2022-04-28,84.500000,88.500000,84.000000,86.500000,86.130341,217794
2022-04-29,86.500000,88.000000,85.000000,86.500000,86.130341,144671
2022-05-03,86.500000,89.750000,85.349998,86.500000,86.130341,346927
2022-05-04,86.500000,88.000000,85.000000,86.800003,86.429062,266277
2022-05-05,86.000000,86.800003,84.500000,85.000000,84.636749,228430
2022-05-06,85.000000,86.000000,84.000000,84.000000,83.641022,1119547
2022-05-09,85.000000,86.000000,84.000000,85.000000,84.636749,2571415
2022-05-10,85.000000,86.000000,84.000000,85.000000,84.636749,876595
2022-05-11,85.000000,87.400002,85.000000,86.000000,85.632477,392785
2022-05-12,86.000000,86.128998,83.000000,85.000000,84.636749,3345544
2022-05-13,85.000000,86.000000,83.010002,83.500000,83.143158,493274
2022-05-16,83.500000,83.750000,81.000000,82.000000,81.649567,165423
2022-05-17,83.500000,86.445000,82.029999,86.000000,85.632477,780706
2022-05-18,86.000000,87.000000,85.250000,86.500000,86.130341,130170
2022-05-19,86.500000,89.000000,85.599998,86.500000,86.130341,312480
2022-05-20,86.500000,88.000000,85.000000,86.000000,85.632477,1072011
2022-05-23,86.000000,86.900002,85.254997,86.000000,85.632477,72822
2022-05-24,86.000000,87.980003,85.000000,86.500000,86.130341,312680
2022-05-25,86.000000,88.000000,84.445000,86.000000,85.632477,273768
2022-05-26,86.000000,88.000000,84.565002,86.000000,85.632477,147624
2022-05-27,86.000000,88.000000,86.000000,86.500000,86.130341,163873
2022-05-30,86.500000,89.000000,85.000000,88.000000,87.623932,533120
2022-05-31,88.000000,89.000000,87.000000,88.000000,87.623932,170630
2022-06-01,88.000000,89.000000,87.000000,87.500000,87.126068,233425
2022-06-06,87.500000,91.000000,87.000000,90.000000,89.615379,579478
2022-06-07,90.000000,94.000000,89.000000,92.500000,92.104698,1424184
2022-06-08,92.500000,94.000000,85.260002,86.400002,86.030769,1109321
2022-06-09,86.500000,88.293999,85.000000,85.500000,85.134613,892856
2022-06-10,85.500000,87.000000,85.000000,85.500000,85.134613,258059
2022-06-13,85.500000,85.110001,82.224998,84.000000,83.641022,527100
2022-06-14,83.500000,83.000000,82.000000,82.500000,82.147430,1251350
2022-06-15,82.500000,83.239998,82.199997,83.000000,82.645294,389914
2022-06-16,83.000000,83.000000,75.099998,75.500000,75.177345,466700
2022-06-17,76.000000,77.500000,75.000000,77.500000,77.168800,434023
2022-06-20,77.500000,77.244003,75.000000,76.000000,75.675209,70888
2022-06-21,76.000000,78.900002,75.980003,77.500000,77.168800,404171
2022-06-22,77.500000,77.500000,76.055000,77.500000,77.168800,161821
2022-06-23,77.500000,76.945000,75.000000,75.599998,75.276917,34527
2022-06-24,77.000000,78.800003,75.000000,78.500000,78.164528,187685
2022-06-27,78.500000,79.849998,77.900002,78.500000,78.164528,123056
2022-06-28,78.500000,80.000000,78.000000,79.000000,78.662392,125630
2022-06-29,79.500000,79.849998,78.244003,79.800003,79.458977,223791
2022-06-30,79.000000,79.849998,77.665001,78.500000,78.164528,434612
2022-07-01,78.500000,80.000000,77.000000,80.000000,79.658119,193364
2022-07-04,78.500000,80.000000,78.000000,78.500000,78.164528,144219
2022-07-05,83.000000,89.400002,78.431000,86.500000,86.130341,3975229
2022-07-06,86.500000,89.239998,85.000000,88.000000,87.623932,11286885
2022-07-07,88.500000,92.747002,89.010002,90.000000,89.615379,1085796
2022-07-08,90.000000,89.864998,87.500000,88.500000,88.121796,236995
2022-07-11,88.500000,89.000000,84.000000,87.000000,86.628204,176887
2022-07-12,87.000000,89.000000,87.000000,88.000000,87.623932,37247
2022-07-13,88.000000,88.750000,86.500000,88.000000,87.623932,63411
2022-07-14,88.000000,91.639999,87.445000,89.500000,89.117516,2594097
2022-07-15,89.500000,94.000000,88.000000,92.000000,91.606834,534058
2022-07-18,92.000000,97.000000,93.260002,95.500000,95.091881,1267877
2022-07-19,95.500000,96.400002,94.000000,95.500000,95.091881,806853
2022-07-20,95.500000,96.000000,94.500000,95.500000,95.091881,1093347
2022-07-21,95.500000,95.739998,93.199997,93.500000,93.100426,208790
2022-07-22,93.500000,96.000000,93.125999,95.000000,94.594017,312859
2022-07-25,95.000000,95.699997,94.525002,94.000000,93.598289,144260
2022-07-26,94.000000,96.900002,94.625000,96.500000,96.087601,297510
2022-07-27,96.500000,100.000000,96.750000,98.500000,98.079056,310863
2022-07-28,98.500000,99.000000,95.800003,98.000000,97.581192,91548
2022-07-29,98.000000,98.199997,97.500000,98.000000,97.581192,277994
2022-08-01,98.500000,98.040001,96.000000,96.500000,96.087601,105803
2022-08-02,96.500000,96.440002,93.000000,94.000000,93.598289,157142
2022-08-03,95.000000,95.779999,94.000000,95.000000,94.594017,53544
2022-08-04,95.000000,94.639999,94.019997,94.500000,94.096153,88536
2022-08-05,94.500000,94.339996,90.000000,91.000000,90.611107,525308
2022-08-08,91.000000,91.239998,88.000000,90.800003,90.411964,134769
2022-08-09,89.000000,90.000000,88.099998,89.500000,89.117516,330692
2022-08-10,89.500000,93.000000,88.250000,93.000000,92.602562,152861
2022-08-11,90.500000,95.900002,89.000000,94.000000,93.598289,324938
2022-08-12,94.000000,99.440002,94.099998,97.500000,97.083328,292098
2022-08-15,97.500000,99.000000,96.000000,96.000000,95.589737,76280
2022-08-16,97.500000,99.199997,96.000000,99.199997,98.776062,170362
2022-08-17,99.000000,100.000000,96.000000,97.000000,96.585464,200433
2022-08-18,97.000000,97.900002,96.000000,97.000000,96.585464,166243
2022-08-19,97.000000,97.500000,96.250000,97.000000,96.585464,110321
2022-08-22,97.000000,98.000000,95.000000,95.500000,95.091881,70150
2022-08-23,95.500000,95.000000,91.400002,92.000000,91.606834,454870
2022-08-24,92.000000,92.294998,90.184998,91.000000,90.611107,210211
2022-08-25,91.000000,94.239998,90.000000,93.400002,93.000854,223973
2022-08-26,94.000000,98.000000,93.000000,98.000000,97.581192,65146
2022-08-30,94.000000,93.400002,91.183998,92.500000,92.104698,109433
2022-08-31,92.500000,93.000000,90.000000,90.500000,90.113243,151562
2022-09-01,90.500000,91.000000,87.599998,89.000000,88.619652,246391
2022-09-02,89.000000,91.839996,88.500000,90.500000,90.113243,193860
2022-09-05,90.500000,92.000000,85.220001,87.000000,86.628204,480312
2022-09-06,87.000000,96.800003,87.250000,95.500000,95.091881,1061594
2022-09-07,98.000000,99.800003,90.040001,94.500000,94.096153,1437363
2022-09-08,95.000000,99.000000,94.000000,98.000000,97.581192,7970862
2022-09-09,98.000000,99.900002,97.000000,97.000000,96.585464,3618654
2022-09-12,98.224998,100.885002,98.000000,98.500000,98.079056,250559
2022-09-13,98.500000,98.349998,95.000000,96.000000,95.589737,108513
2022-09-14,96.000000,96.000000,93.000000,94.000000,93.598289,176125
2022-09-15,93.500000,93.500000,93.000000,93.400002,93.000854,114983
2022-09-16,93.500000,94.000000,93.074997,93.500000,93.100426,119456
2022-09-20,93.500000,93.264000,91.113998,92.500000,92.104698,42593
2022-09-21,92.500000,94.000000,91.000000,92.500000,92.104698,45919
2022-09-22,92.500000,93.000000,91.000000,92.500000,92.104698,30978
2022-09-23,92.500000,94.000000,85.000000,87.000000,86.628204,371252
2022-09-26,87.000000,86.519997,82.199997,82.315002,81.963226,723713
2022-09-27,84.000000,84.419998,82.000000,83.500000,83.143158,201020
2022-09-28,83.500000,84.000000,79.040001,82.000000,81.649567,186859
2022-09-29,81.000000,82.000000,76.000000,81.000000,80.653847,639854
2022-09-30,79.000000,84.099998,77.199997,83.500000,83.143158,590312
2022-10-03,84.000000,91.739998,84.000000,91.000000,90.611107,311178
2022-10-04,91.000000,91.800003,89.029999,90.500000,90.113243,74699
2022-10-05,90.500000,91.599998,87.019997,88.000000,87.623932,140520
2022-10-06,88.000000,88.667000,86.000000,87.000000,86.628204,89716
2022-10-07,87.000000,89.000000,87.000000,88.000000,87.623932,115704
2022-10-10,87.500000,88.849998,86.000000,88.000000,87.623932,50338
2022-10-11,88.000000,88.800003,86.000000,87.500000,87.126068,163444
2022-10-12,87.500000,86.599998,83.000000,85.000000,84.636749,116129
2022-10-13,85.000000,85.000000,82.000000,83.000000,82.645294,105630
2022-10-14,83.500000,87.775002,80.800003,86.000000,85.632477,109207
2022-10-17,86.000000,86.000000,83.275002,86.000000,85.632477,180837
2022-10-18,86.000000,87.000000,85.000000,87.000000,86.628204,167104
2022-10-19,86.500000,86.000000,85.000000,86.000000,85.632477,129476
2022-10-20,86.000000,87.000000,85.000000,86.000000,85.632477,304102
2022-10-21,86.000000,86.000000,83.000000,83.000000,82.645294,193634
2022-10-24,85.000000,87.000000,83.000000,85.000000,84.636749,222218
2022-10-25,86.000000,90.000000,85.000000,88.500000,88.121796,252593
2022-10-26,88.500000,90.000000,87.255997,88.500000,88.121796,366521
2022-10-27,88.500000,90.000000,87.699997,88.500000,88.121796,106777
2022-10-28,88.500000,91.000000,87.000000,89.199997,88.818794,229974
2022-10-31,89.000000,92.000000,88.199997,89.000000,88.619652,205615
2022-11-01,89.000000,92.000000,88.000000,89.000000,88.619652,193447
2022-11-02,89.000000,90.000000,85.000000,87.000000,86.628204,247922
2022-11-03,87.000000,88.000000,84.050003,85.500000,85.134613,125520
2022-11-04,85.500000,86.000000,84.000000,85.000000,84.636749,179199
2022-11-07,85.000000,85.500000,84.000000,85.000000,84.636749,156908
2022-11-08,85.000000,86.000000,84.000000,85.000000,84.636749,180908
2022-11-09,85.000000,85.500000,84.000000,85.000000,84.636749,422655
2022-11-10,85.000000,85.500000,83.000000,84.000000,83.641022,147743
2022-11-11,85.000000,86.000000,84.000000,84.500000,84.138885,610990
2022-11-14,84.500000,84.595001,84.000000,84.500000,84.138885,408850
2022-11-15,84.500000,85.500000,84.000000,84.800003,84.437607,981129
2022-11-16,85.000000,88.000000,85.000000,86.500000,86.130341,131785
2022-11-17,86.500000,88.000000,85.000000,86.500000,86.130341,4412
2022-11-18,86.500000,87.339996,85.199997,86.500000,86.130341,108744
2022-11-21,86.500000,88.000000,85.500000,86.500000,86.130341,121797
2022-11-22,86.500000,93.800003,86.000000,92.500000,92.104698,8160003
2022-11-23,92.500000,98.000000,91.635002,92.599998,92.204269,270315
2022-11-24,93.500000,97.000000,93.000000,94.400002,93.996582,292790
2022-11-25,94.000000,94.000000,92.000000,94.000000,93.598289,119432
2022-11-28,94.000000,96.334000,91.125000,93.500000,93.100426,176576
2022-11-29,93.500000,92.980003,90.010002,92.000000,91.606834,106665
2022-11-30,92.000000,92.500000,90.000000,91.000000,90.611107,90435
2022-12-01,91.000000,94.500000,90.879997,92.500000,92.104698,143703
2022-12-02,92.500000,93.650002,91.000000,93.500000,93.100426,483796
2022-12-05,97.500000,100.000000,91.000000,92.000000,91.606834,624222
2022-12-06,92.000000,91.400002,88.445000,91.000000,90.611107,330016
2022-12-07,91.000000,91.000000,88.275002,89.000000,88.619652,153795
2022-12-08,89.000000,91.250000,88.019997,90.500000,90.113243,254128
2022-12-09,90.500000,90.400002,88.000000,90.000000,89.615379,100949
2022-12-12,90.000000,89.900002,88.000000,88.000000,87.623932,318633
2022-12-13,89.500000,90.000000,85.500000,87.500000,87.126068,987518
2022-12-14,87.500000,91.800003,85.699997,91.000000,90.611107,941683
2022-12-15,91.000000,91.000000,89.000000,90.500000,90.113243,104474
2022-12-16,90.500000,91.000000,89.000000,90.500000,90.113243,114296
2022-12-19,90.500000,90.000000,88.019997,89.000000,88.619652,67735
2022-12-20,89.000000,90.000000,85.000000,87.000000,86.628204,133435
2022-12-21,87.000000,88.000000,85.000000,86.500000,86.130341,169100
2022-12-22,86.500000,93.440002,85.599998,90.000000,89.615379,251393
2022-12-23,90.000000,91.000000,89.000000,90.000000,89.615379,206208
2022-12-28,90.000000,91.000000,89.000000,90.000000,89.615379,51365
2022-12-29,90.000000,90.239998,88.000000,89.500000,89.117516,128890
2022-12-30,89.500000,89.339996,88.000000,89.500000,89.117516,27140
2023-01-03,89.500000,89.315002,86.334999,87.500000,87.126068,175171
2023-01-04,87.500000,88.800003,86.556000,88.500000,88.121796,150662
2023-01-05,88.500000,92.000000,88.900002,89.500000,89.117516,262002
2023-01-06,89.500000,91.760002,89.500000,90.199997,89.814522,268177
2023-01-09,90.000000,92.000000,87.500000,89.000000,88.619652,199414
2023-01-10,89.000000,90.000000,86.199997,89.000000,88.619652,215269
2023-01-11,89.000000,89.900002,88.000000,89.000000,88.619652,139104
2023-01-12,89.000000,92.000000,88.055000,91.000000,90.611107,434132
2023-01-13,91.500000,94.250000,91.000000,92.500000,92.104698,421027
2023-01-16,93.000000,93.500000,91.000000,92.500000,92.104698,171446
2023-01-17,94.500000,97.500000,85.199997,85.199997,84.835892,1048269
2023-01-18,93.500000,93.599998,89.500000,90.500000,90.113243,289565
2023-01-19,90.500000,91.489998,88.260002,90.500000,90.113243,346149
2023-01-20,90.500000,92.000000,88.355003,88.500000,88.121796,107014
2023-01-23,88.500000,89.000000,85.000000,87.000000,86.628204,528324
2023-01-24,88.000000,90.000000,85.250000,88.000000,87.623932,501019
2023-01-25,88.000000,90.000000,87.019997,89.500000,89.117516,213338
2023-01-26,89.500000,89.599998,87.500000,89.000000,88.619652,243994
2023-01-27,88.500000,90.000000,87.000000,88.500000,88.121796,138779
2023-01-30,88.500000,90.000000,87.000000,88.500000,88.121796,233022
2023-01-31,88.500000,89.000000,85.199997,89.000000,88.619652,579977
2023-02-01,86.000000,87.644997,85.199997,86.500000,86.130341,806737
2023-02-02,86.500000,86.885002,85.500000,86.500000,86.130341,150283
2023-02-03,87.000000,88.000000,86.000000,87.000000,86.628204,44881
2023-02-06,87.000000,88.000000,86.000000,87.000000,86.628204,161664
2023-02-07,87.000000,88.000000,86.000000,87.000000,86.628204,92996
2023-02-08,87.000000,87.900002,86.019997,87.800003,87.424789,75982
2023-02-09,88.500000,88.500000,86.040001,87.000000,86.628204,120564
2023-02-10,86.500000,87.000000,85.029999,86.500000,86.130341,239952
2023-02-13,86.500000,88.000000,85.334999,87.000000,86.628204,296588
2023-02-14,87.000000,88.000000,86.910004,87.000000,86.628204,77731
2023-02-15,87.000000,87.800003,86.000000,87.000000,86.628204,55404
2023-02-16,87.000000,88.000000,86.000000,88.000000,87.623932,43757
2023-02-17,87.000000,86.199997,85.000000,85.500000,85.134613,58826
2023-02-20,85.500000,87.000000,84.000000,85.500000,85.134613,144932
2023-02-21,85.500000,86.400002,84.599998,85.000000,84.636749,111909
2023-02-22,86.000000,86.160004,83.000000,84.000000,83.641022,226757
2023-02-23,84.000000,85.000000,83.654999,85.000000,84.636749,936442
2023-02-24,85.000000,85.199997,83.550003,84.500000,84.138885,331721
2023-02-27,84.500000,84.500000,83.113998,84.500000,84.138885,121597
2023-02-28,84.500000,86.000000,83.014000,85.000000,84.636749,318153
2023-03-01,84.500000,86.000000,83.000000,84.500000,84.138885,262889
2023-03-02,84.500000,85.000000,83.000000,83.000000,82.645294,167398
2023-03-03,84.000000,84.628998,83.000000,83.000000,82.645294,318214
2023-03-06,84.500000,86.000000,83.199997,84.500000,84.138885,193299
2023-03-07,84.500000,86.000000,83.000000,84.500000,84.138885,290603
2023-03-08,84.500000,84.800003,83.000000,84.500000,84.138885,234195
2023-03-09,84.500000,84.000000,80.599998,82.000000,81.649567,341639
2023-03-10,81.000000,81.489998,77.055000,80.000000,79.658119,498679
2023-03-13,80.000000,83.599998,75.000000,78.000000,77.666664,373823
2023-03-14,77.000000,79.989998,76.754997,79.000000,78.662392,374821
2023-03-15,79.500000,79.000000,76.000000,78.000000,77.666664,154339
2023-03-16,77.500000,78.000000,75.000000,76.500000,76.173073,179921
2023-03-17,76.500000,78.000000,73.239998,77.599998,77.268372,273686
2023-03-20,74.500000,74.000000,70.099998,72.500000,72.190170,771142
2023-03-21,72.500000,79.000000,71.000000,79.000000,78.662392,280205
2023-03-22,79.000000,82.000000,79.000000,80.000000,79.658119,492701
2023-03-23,80.000000,80.800003,79.000000,80.000000,79.658119,93793
2023-03-24,80.000000,82.000000,79.500000,81.000000,80.653847,85471
2023-03-27,85.500000,92.000000,85.000000,91.000000,90.611107,1368594
2023-03-28,91.000000,92.900002,85.029999,88.599998,88.221367,1136363
2023-03-29,86.500000,87.900002,85.624001,87.000000,86.628204,563458
2023-03-30,87.000000,93.000000,87.000000,91.000000,90.611107,275086
2023-03-31,91.000000,91.000000,88.000000,90.500000,90.113243,366310
2023-04-03,90.500000,92.000000,89.029999,90.500000,90.113243,191301
2023-04-04,90.500000,92.000000,88.599998,90.000000,89.615379,278027
2023-04-05,90.000000,91.000000,89.000000,89.500000,89.117516,308283
2023-04-06,89.500000,91.000000,88.000000,89.500000,89.117516,643725
2023-04-11,91.000000,94.000000,91.000000,92.000000,91.606834,1328209
2023-04-12,92.000000,94.000000,92.099998,93.000000,92.602562,455976
2023-04-13,93.000000,94.000000,90.660004,92.500000,92.104698,305129
2023-04-14,92.500000,94.000000,90.000000,92.000000,91.606834,417198
2023-04-17,92.000000,94.000000,90.000000,93.000000,92.602562,359593
2023-04-18,93.000000,94.000000,92.665001,93.000000,92.602562,357245
2023-04-19,93.000000,93.400002,91.000000,92.000000,91.606834,142670
2023-04-20,92.500000,92.639999,91.000000,91.500000,91.108971,215570
2023-04-21,91.500000,93.000000,90.650002,91.500000,91.108971,320361
2023-04-24,91.500000,91.800003,90.000000,91.500000,91.108971,71664
2023-04-25,91.500000,91.144997,89.199997,90.000000,89.615379,75193
2023-04-26,90.000000,91.000000,88.000000,88.599998,88.221367,259135
2023-04-27,90.500000,92.750000,89.000000,91.000000,90.611107,44052
2023-04-28,91.000000,93.000000,89.099998,91.000000,90.611107,114615
2023-05-02,91.000000,92.099998,88.000000,89.500000,89.117516,51116
2023-05-03,89.500000,92.394997,90.000000,91.500000,91.108971,197246
2023-05-04,91.500000,93.000000,91.000000,92.000000,91.606834,208746
2023-05-05,91.500000,93.000000,90.221001,91.500000,91.108971,122094
2023-05-09,91.500000,93.000000,90.099998,91.500000,91.108971,167260
2023-05-10,91.500000,95.000000,90.000000,95.000000,94.594017,152233
2023-05-11,94.000000,95.000000,92.000000,93.500000,93.100426,163548
2023-05-12,93.500000,96.000000,93.425003,94.599998,94.195724,217092
2023-05-15,94.500000,98.000000,94.000000,97.000000,96.585464,1215382
2023-05-16,97.500000,101.739998,96.000000,98.500000,98.079056,1668185
2023-05-17,99.000000,100.000000,98.806000,99.000000,98.576920,146885
2023-05-18,99.000000,102.000000,98.565002,99.000000,98.576920,382176
2023-05-19,99.000000,105.000000,99.000000,103.500000,103.057686,600183
2023-05-22,103.500000,110.000000,103.500000,109.000000,108.534187,1021892
2023-05-23,109.000000,110.000000,100.000000,103.750000,103.306618,2920553
2023-05-24,104.000000,103.750000,100.000000,100.500000,100.070511,221937
2023-05-25,100.500000,102.000000,100.019997,101.000000,100.568375,239678
2023-05-26,101.000000,101.000000,98.599998,100.500000,100.070511,192778
2023-05-30,100.500000,101.000000,97.055000,99.000000,98.576920,208941
2023-05-31,99.000000,98.000000,95.000000,98.000000,97.581192,289649
2023-06-01,97.000000,102.000000,96.199997,100.500000,100.070511,239393
2023-06-02,100.500000,110.000000,98.550003,99.500000,99.074783,444739
2023-06-05,100.500000,102.000000,98.000000,100.500000,100.070511,267608
2023-06-06,100.500000,102.000000,98.760002,100.000000,99.572647,250033
2023-06-07,100.000000,101.000000,98.355003,99.500000,99.074783,119562
2023-06-08,99.500000,100.500000,98.800003,99.500000,99.074783,134064
2023-06-09,99.500000,100.845001,98.000000,100.000000,99.572647,438698
2023-06-12,100.000000,101.000000,99.000000,100.500000,100.070511,199154
2023-06-13,100.500000,101.000000,100.000000,100.500000,100.070511,186785
2023-06-14,100.500000,101.000000,100.000000,100.500000,100.070511,222625
2023-06-15,100.500000,101.000000,100.099998,100.500000,100.070511,1311208
2023-06-16,100.500000,100.750000,100.099998,100.500000,100.070511,200340
2023-06-19,100.500000,100.449997,98.000000,99.500000,99.074783,115423
2023-06-20,99.500000,100.849998,98.000000,99.500000,99.074783,107445
2023-06-21,99.500000,103.000000,100.150002,101.500000,101.066238,556117
2023-06-22,101.500000,101.989998,99.000000,99.500000,99.074783,417127
2023-06-23,99.500000,99.000000,94.500000,95.599998,95.191452,400482
2023-06-26,96.000000,96.000000,93.029999,94.000000,93.598289,166514
2023-06-27,94.000000,94.099998,92.599998,93.500000,93.100426,162277
2023-06-28,93.500000,94.000000,91.000000,94.000000,93.598289,1307875
2023-06-29,94.000000,95.000000,92.000000,93.000000,92.602562,379047
2023-06-30,93.000000,93.150002,92.029999,93.000000,92.602562,493462
2023-07-03,92.500000,94.800003,92.355003,94.000000,93.598289,502388
2023-07-04,93.500000,97.000000,93.000000,96.000000,95.589737,2308181
2023-07-05,99.500000,102.000000,96.055000,99.199997,98.776062,1462439
2023-07-06,99.000000,99.300003,98.000000,99.000000,98.576920,188774
2023-07-07,99.000000,100.000000,98.000000,99.000000,98.576920,3545354
2023-07-10,99.000000,100.000000,98.000000,99.000000,98.576920,272591
2023-07-11,99.000000,101.000000,98.000000,99.000000,98.576920,247240
2023-07-12,99.000000,100.699997,98.900002,100.000000,99.572647,614385
2023-07-13,100.000000,99.779999,99.000000,100.000000,99.572647,193349
2023-07-14,100.000000,100.000000,97.000000,99.500000,99.074783,355306
2023-07-17,100.000000,100.000000,99.010002,99.500000,99.074783,153129
2023-07-18,100.000000,102.000000,99.000000,101.000000,100.568375,665300
2023-07-19,101.000000,105.739998,100.675003,104.750000,104.302345,435699
2023-07-20,104.750000,104.724998,102.250000,103.500000,103.057686,166743
2023-07-21,103.500000,105.000000,102.000000,103.000000,102.559830,156257
2023-07-24,103.000000,104.000000,102.150002,102.500000,102.061966,95833
2023-07-25,103.000000,105.190002,102.739998,104.500000,104.053413,250735
2023-07-26,104.500000,106.000000,102.000000,103.000000,102.559830,243529
2023-07-27,103.500000,104.000000,100.000000,100.250000,99.821579,268336
2023-07-28,99.750000,99.824997,97.000000,99.000000,98.576920,259305
2023-07-31,99.500000,100.680000,98.550003,100.000000,99.572647,262699
2023-08-01,100.000000,101.000000,98.000000,99.000000,98.576920,90751
2023-08-02,99.500000,100.000000,98.000000,99.500000,99.074783,116899
2023-08-03,100.000000,100.000000,98.000000,99.000000,98.576920,290033
2023-08-04,99.000000,99.000000,98.000000,99.000000,98.576920,142880
2023-08-07,99.000000,99.400002,98.000000,99.000000,98.576920,86922
2023-08-08,99.000000,100.000000,98.000000,99.000000,98.576920,38782
2023-08-09,99.000000,99.000000,96.550003,98.500000,98.079056,178547
2023-08-10,98.500000,100.000000,97.300003,99.000000,98.576920,338088
2023-08-11,99.000000,99.000000,96.000000,98.000000,97.581192,188980
2023-08-14,98.000000,99.894997,95.500000,99.000000,98.576920,634328
2023-08-15,99.000000,100.000000,98.000000,99.000000,98.576920,111726
2023-08-16,99.000000,98.790001,96.000000,96.199997,95.788879,183309
2023-08-17,97.500000,99.000000,96.000000,96.400002,95.988029,83196
2023-08-18,97.000000,97.199997,95.599998,97.199997,96.784607,112399
2023-08-21,97.000000,99.000000,96.000000,98.000000,97.581192,64301
2023-08-22,98.000000,99.000000,97.019997,98.000000,97.581192,111181
2023-08-23,98.000000,99.000000,97.000000,98.000000,97.581192,44090
2023-08-24,98.000000,99.000000,97.000000,99.000000,98.576920,13608
2023-08-25,98.000000,98.139999,97.023003,98.000000,97.581192,192439
2023-08-29,98.000000,98.139999,97.099998,98.000000,97.581192,49863
2023-08-30,98.000000,99.000000,97.000000,98.500000,98.079056,662544
2023-08-31,98.500000,100.000000,97.550003,98.500000,98.079056,38852
2023-09-01,98.500000,100.000000,96.199997,97.500000,97.083328,103675
2023-09-04,97.500000,98.000000,95.000000,96.500000,96.087601,257168
2023-09-05,97.000000,100.000000,95.250000,98.500000,98.079056,752470
2023-09-06,97.500000,101.000000,98.654999,99.599998,99.174355,233960
2023-09-07,99.000000,100.000000,99.550003,99.500000,99.074783,243614
2023-09-08,99.500000,100.000000,97.599998,100.000000,99.572647,218156
2023-09-11,99.500000,100.500000,99.199997,100.000000,99.572647,476637
2023-09-12,103.500000,107.849998,102.000000,106.000000,105.547005,3944752
2023-09-13,106.500000,115.599998,106.160004,111.000000,110.525635,4526728
2023-09-14,111.000000,117.910004,110.750000,115.500000,115.006409,942951
2023-09-15,115.500000,117.000000,103.875000,116.000000,115.504272,1518007
2023-09-18,117.000000,120.000000,115.000000,117.500000,116.997856,2765517
2023-09-19,117.500000,122.500000,116.000000,120.500000,119.985039,1574636
2023-09-20,120.500000,124.500000,119.000000,121.000000,120.482903,497507
2023-09-21,121.000000,122.000000,118.000000,119.500000,118.989311,177381
2023-09-22,119.500000,121.000000,117.000000,118.000000,117.495720,141036
2023-09-25,118.000000,119.000000,112.000000,114.000000,113.512817,597893
2023-09-26,113.500000,118.000000,113.599998,116.000000,115.504272,304885
2023-09-27,116.000000,118.000000,115.500000,115.500000,115.006409,191037
2023-09-28,116.500000,118.000000,110.000000,111.500000,111.023499,236416
2023-09-29,111.500000,113.000000,105.000000,108.500000,108.036324,4990738
2023-10-02,109.500000,109.000000,105.500000,106.500000,106.044868,780278
2023-10-03,107.000000,109.000000,106.000000,108.000000,107.538460,525423
2023-10-04,109.500000,109.000000,107.000000,108.000000,107.538460,119399
2023-10-05,109.500000,107.000000,106.050003,106.500000,106.044868,143940
2023-10-06,107.000000,108.000000,105.000000,106.500000,106.044868,144470
2023-10-09,106.500000,107.000000,103.000000,103.500000,103.057686,528900
2023-10-10,104.000000,110.699997,103.000000,108.500000,108.036324,868406
2023-10-11,109.500000,110.699997,106.300003,108.000000,107.538460,437351
2023-10-12,108.500000,108.500000,106.000000,106.500000,106.044868,764850
2023-10-13,108.000000,107.000000,102.199997,103.500000,103.057686,755261
2023-10-16,103.500000,106.000000,103.000000,104.500000,104.053413,481946
2023-10-17,105.000000,107.970001,103.000000,105.500000,105.049141,611013
2023-10-18,105.500000,106.985001,105.000000,106.000000,105.547005,277830
2023-10-19,106.000000,107.000000,102.550003,106.000000,105.547005,247458
2023-10-20,103.500000,103.900002,99.000000,100.500000,100.070511,612465
2023-10-23,101.000000,101.000000,96.019997,97.500000,97.083328,966256
2023-10-24,97.000000,97.750000,95.019997,96.400002,95.988029,612606
2023-10-25,96.000000,100.875000,95.750000,99.500000,99.074783,911211
2023-10-26,99.500000,100.239998,98.199997,99.599998,99.174355,348790
2023-10-27,100.500000,103.000000,100.000000,100.000000,99.572647,255083
2023-10-30,101.500000,108.000000,100.550003,106.000000,105.547005,576947
2023-10-31,106.000000,107.894997,102.500000,102.500000,102.061966,475237
2023-11-01,103.000000,118.000000,100.400002,116.500000,116.002136,3279654
2023-11-02,117.000000,121.000000,112.000000,113.500000,113.014954,1464782
2023-11-03,113.500000,116.000000,105.000000,106.000000,105.547005,1591298
2023-11-06,106.000000,111.750000,105.160004,110.500000,110.027771,213394
2023-11-07,110.500000,115.800003,111.250000,114.000000,113.512817,1220833
2023-11-08,114.000000,116.400002,113.330002,115.500000,115.006409,426230
2023-11-09,115.500000,119.900002,113.330002,118.000000,117.495720,212699
2023-11-10,118.000000,120.000000,116.000000,117.000000,116.500000,212447
2023-11-13,117.000000,118.000000,113.800003,114.000000,113.512817,283125
2023-11-14,114.000000,115.500000,113.599998,115.000000,114.508545,179829
2023-11-15,115.000000,117.940002,114.599998,117.000000,116.500000,392686
2023-11-16,116.050003,118.000000,116.000000,117.000000,117.000000,622378
2023-11-17,117.000000,118.000000,116.000000,117.000000,117.000000,337951
2023-11-20,117.000000,117.000000,113.000000,113.500000,113.500000,477254
2023-11-21,113.500000,114.000000,111.349998,112.500000,112.500000,333332
2023-11-22,113.000000,114.000000,111.000000,113.000000,113.000000,339233
2023-11-23,113.500000,113.839996,112.160004,112.500000,112.500000,108538
2023-11-24,112.500000,112.739998,110.000000,110.000000,110.000000,271941
2023-11-27,111.000000,113.400002,110.000000,112.000000,112.000000,117501
2023-11-28,112.500000,113.199997,111.000000,111.500000,111.500000,198244
2023-11-29,112.000000,115.760002,111.500000,113.000000,113.000000,667506
2023-11-30,113.000000,120.000000,110.000000,120.000000,120.000000,1131578
2023-12-01,114.000000,115.000000,113.000000,115.000000,115.000000,1186092
2023-12-04,116.000000,117.000000,115.000000,116.000000,116.000000,820467
2023-12-05,116.000000,117.900002,115.000000,117.000000,117.000000,354778
2023-12-06,117.000000,120.000000,117.500000,119.000000,119.000000,158494
2023-12-07,119.000000,120.000000,118.000000,120.000000,120.000000,158619
2023-12-08,119.000000,122.000000,119.000000,120.500000,120.500000,840135
2023-12-11,120.500000,123.000000,120.000000,121.500000,121.500000,422884
2023-12-12,121.500000,123.000000,120.000000,121.500000,121.500000,117567
2023-12-13,121.500000,128.000000,121.650002,127.000000,127.000000,3174197
2023-12-14,126.500000,130.000000,126.000000,128.000000,128.000000,1290175
2023-12-15,128.500000,128.399994,124.000000,125.000000,125.000000,319242
2023-12-18,125.500000,127.000000,124.599998,125.000000,125.000000,83544
2023-12-19,126.000000,127.000000,123.000000,125.000000,125.000000,402730
2023-12-20,125.000000,126.199997,123.000000,125.000000,125.000000,372357
2023-12-21,125.000000,125.000000,123.000000,125.000000,125.000000,210199
2023-12-22,125.000000,126.199997,122.000000,123.000000,123.000000,149469
2023-12-27,122.500000,122.000000,118.019997,120.500000,120.500000,381274
2023-12-28,120.500000,122.000000,118.019997,121.500000,121.500000,260987
2023-12-29,121.500000,123.500000,121.449997,121.500000,121.500000,60809
2024-01-02,121.500000,125.000000,121.000000,125.000000,125.000000,462938
2024-01-03,124.500000,125.000000,123.000000,124.500000,124.500000,118375
2024-01-04,124.500000,125.000000,122.500000,122.500000,122.500000,200256
2024-01-05,123.500000,124.000000,122.000000,123.000000,123.000000,271879
2024-01-08,123.000000,124.000000,121.470001,121.500000,121.500000,290752
2024-01-09,121.500000,124.250000,121.500000,123.000000,123.000000,493016
2024-01-10,124.000000,125.000000,121.059998,122.000000,122.000000,189301
2024-01-11,122.000000,123.000000,121.000000,122.000000,122.000000,139281
2024-01-12,122.000000,122.000000,120.000000,121.000000,121.000000,193259
2024-01-15,120.050003,122.000000,119.000000,120.000000,120.000000,1405395
2024-01-16,121.500000,121.400002,113.000000,113.000000,113.000000,1895264
2024-01-17,114.000000,116.000000,113.500000,116.000000,116.000000,196451
2024-01-18,116.000000,118.000000,114.000000,115.000000,115.000000,345469
2024-01-19,116.000000,120.000000,115.000000,118.500000,118.500000,789719
2024-01-22,118.500000,123.000000,117.000000,123.000000,123.000000,322063
2024-01-23,121.500000,122.000000,121.000000,122.000000,122.000000,69941
2024-01-24,122.000000,123.000000,118.000000,118.500000,118.500000,775365
2024-01-25,119.000000,120.000000,115.000000,115.500000,115.500000,322864
2024-01-26,115.500000,116.000000,114.000000,115.500000,115.500000,723422
2024-01-29,115.500000,120.000000,115.099998,118.000000,118.000000,605751
2024-01-30,120.000000,122.000000,117.000000,117.000000,117.000000,319916
2024-01-31,117.500000,119.000000,117.500000,119.000000,119.000000,157003
2024-02-01,119.000000,120.000000,116.250000,117.000000,117.000000,117951
2024-02-02,116.500000,118.000000,115.000000,115.000000,115.000000,314292
2024-02-05,116.000000,117.000000,112.000000,113.000000,113.000000,326632
2024-02-06,113.000000,113.440002,110.000000,110.000000,110.000000,332301
2024-02-07,110.500000,111.000000,107.000000,108.500000,108.500000,535972
2024-02-08,108.500000,110.500000,108.199997,110.500000,110.500000,279408
2024-02-09,110.500000,112.000000,109.000000,109.000000,109.000000,120110
2024-02-12,110.500000,113.000000,109.000000,112.000000,112.000000,450401
2024-02-13,112.000000,115.000000,111.099998,113.500000,113.500000,356337
2024-02-14,113.500000,115.900002,112.000000,115.000000,115.000000,845141
2024-02-15,115.000000,118.000000,115.180000,117.000000,117.000000,602078
2024-02-16,116.500000,117.000000,116.260002,117.000000,117.000000,602658
2024-02-19,117.000000,116.309998,114.000000,114.000000,114.000000,178105
2024-02-20,114.500000,119.489998,114.059998,118.500000,118.500000,789441
2024-02-21,117.000000,115.260002,110.000000,111.500000,111.500000,447283
2024-02-22,112.000000,116.699997,111.320000,116.000000,116.000000,488985
2024-02-23,116.000000,116.220001,115.000000,116.000000,116.000000,246540
2024-02-26,116.000000,116.000000,112.355003,114.000000,114.000000,155448
2024-02-27,114.000000,114.879997,112.000000,113.000000,113.000000,109172
2024-02-28,114.000000,115.000000,112.000000,112.500000,112.500000,562666
2024-02-29,112.500000,112.500000,112.000000,112.500000,112.500000,190053
2024-03-01,112.500000,113.000000,110.000000,110.000000,110.000000,330457
2024-03-04,111.000000,112.000000,108.000000,109.500000,109.500000,319544
2024-03-05,110.000000,111.000000,108.500000,109.000000,109.000000,390342
2024-03-06,109.500000,110.000000,108.000000,108.000000,108.000000,294176
2024-03-07,108.500000,110.849998,107.250000,110.000000,110.000000,640922
2024-03-08,110.500000,111.160004,109.000000,109.000000,109.000000,616665
2024-03-11,109.500000,110.000000,109.000000,109.000000,109.000000,709812
2024-03-12,109.500000,110.000000,107.000000,107.500000,107.500000,404724
2024-03-13,108.000000,108.750000,107.000000,108.000000,108.000000,267549
2024-03-14,107.500000,109.000000,107.000000,107.000000,107.000000,1075658
2024-03-15,107.000000,108.000000,105.150002,106.500000,106.500000,527243
2024-03-18,106.500000,109.500000,106.000000,108.000000,108.000000,1036300
2024-03-19,109.000000,110.000000,108.750000,109.500000,109.500000,417442
2024-03-20,109.500000,125.000000,109.125000,116.000000,116.000000,2406293
2024-03-21,116.000000,119.000000,116.250000,117.500000,117.500000,1197622
2024-03-22,117.500000,119.000000,115.500000,116.000000,116.000000,689195
2024-03-25,115.500000,118.500000,115.000000,117.500000,117.500000,1147072
2024-03-26,118.000000,119.000000,117.275002,118.000000,118.000000,266706
2024-03-27,118.000000,119.000000,117.000000,118.000000,118.000000,1758760
2024-03-28,118.000000,119.000000,117.000000,117.500000,117.500000,622794
2024-04-02,118.000000,124.000000,117.254997,123.000000,123.000000,2229142
2024-04-03,123.000000,124.000000,121.435997,123.000000,123.000000,3125391
2024-04-04,123.500000,126.000000,124.000000,126.000000,126.000000,937699
2024-04-05,126.000000,127.000000,123.000000,124.000000,124.000000,1169206
2024-04-08,124.000000,125.000000,123.000000,124.000000,124.000000,675293
2024-04-09,124.000000,126.000000,123.000000,124.000000,124.000000,588285
2024-04-10,124.500000,125.000000,124.000000,124.000000,124.000000,559750
2024-04-11,124.500000,125.800003,124.000000,125.000000,125.000000,547016
2024-04-12,125.000000,126.000000,123.000000,124.000000,124.000000,849434
2024-04-15,124.000000,124.919998,121.055000,123.000000,123.000000,384678
2024-04-16,123.500000,126.000000,122.000000,124.000000,124.000000,1336543
2024-04-17,125.500000,127.000000,124.099998,126.000000,126.000000,1204361
2024-04-18,126.000000,130.000000,126.000000,128.500000,128.500000,360796
2024-04-19,128.000000,132.699997,128.000000,131.500000,131.500000,508736
2024-04-22,132.000000,135.000000,130.000000,130.500000,130.500000,1671914
2024-04-23,132.000000,133.000000,128.000000,128.000000,128.000000,694995
2024-04-24,128.500000,129.000000,127.000000,127.000000,127.000000,108767
2024-04-25,127.250000,128.000000,126.000000,127.500000,127.500000,349524
2024-04-26,127.500000,130.000000,126.050003,127.500000,127.500000,852544